Model,RMSE,MAE,R2
ANN (MLP),0.0034016632006989623,0.0021869818273446175,0.9997605700112713
Linear Regression,0.016420996291643824,0.011737184809371082,0.9944205045538016
