Model,RMSE,MAE,R2
ANN (MLP),0.0024996786793329393,0.0014853507596531783,0.9998707101911516
Linear Regression,0.01642099629164379,0.011737184809371025,0.9944205045538017
